,Laplacian,Tenengrad,Brenner,FFT
Laplacian,1.0,0.9836961487552883,0.7594570162099593,0.9441072047849641
Tenengrad,0.9836961487552883,1.0,0.7850848034075618,0.9738011028028849
Brenner,0.7594570162099593,0.7850848034075618,1.0,0.8431135100631655
FFT,0.9441072047849641,0.9738011028028849,0.8431135100631655,1.0
